Title,Score,URL,Created,Stock
aapl amzn and fb all reported misses on revenue just a hiccup or is the faamg gravy train over,4,https://www.reddit.com/r/stocks/comments/qi0pwr/aapl_amzn_and_fb_all_reported_misses_on_revenue/,2021-10-29 00:41:20,IBM
sell a few aapl shares and buy crm,26,https://www.reddit.com/r/stocks/comments/qjvo1l/sell_a_few_aapl_shares_and_buy_crm/,2021-10-31 18:33:50,CRM
pelosis husband bought google disney call options that would pay off if bull market continues,714,https://www.reddit.com/r/stocks/comments/rsrb0n/pelosis_husband_bought_google_disney_call_options/,2021-12-31 10:44:26,CRM
google is finally splitting its stock will amazon be next leading to a dow shakeup,27,https://www.reddit.com/r/stocks/comments/siizh0/google_is_finally_splitting_its_stock_will_amazon/,2022-02-02 07:53:39,CRM
google is finally splitting its stock will amazon be next leading to a dow shakeup,26,https://www.reddit.com/r/stocks/comments/siizh0/google_is_finally_splitting_its_stock_will_amazon/,2022-02-02 07:53:39,CSCO
google is finally splitting its stock will amazon be next leading to a dow shakeup,29,https://www.reddit.com/r/stocks/comments/siizh0/google_is_finally_splitting_its_stock_will_amazon/,2022-02-02 07:53:39,IBM
crm tsla aapl nvda but not googl,44,https://www.reddit.com/r/stocks/comments/sm2ult/crm_tsla_aapl_nvda_but_not_googl/,2022-02-06 17:54:12,CRM
tsla bullish price is usd dd,264,https://www.reddit.com/r/stocks/comments/st09kt/tsla_bullish_price_is_287usd_dd/,2022-02-15 10:49:19,CSCO
the google split,82,https://www.reddit.com/r/stocks/comments/sxlw9w/the_google_split/,2022-02-21 05:44:34,IBM
boeing doles out cloud award to amazon microsoft google,7,https://www.reddit.com/r/stocks/comments/txrujb/boeing_doles_out_cloud_award_to_amazon_microsoft/,2022-04-06 17:46:48,ORCL
thoughts on the longterm growth of amzn adbe and crm,19,https://www.reddit.com/r/stocks/comments/u4dsoz/thoughts_on_the_longterm_growth_of_amzn_adbe_and/,2022-04-15 17:57:37,ADBE
thoughts on the longterm growth of amzn adbe and crm,17,https://www.reddit.com/r/stocks/comments/u4dsoz/thoughts_on_the_longterm_growth_of_amzn_adbe_and/,2022-04-15 17:57:37,CRM
thoughts on the longterm growth of amzn adbe and crm,16,https://www.reddit.com/r/stocks/comments/u4dsoz/thoughts_on_the_longterm_growth_of_amzn_adbe_and/,2022-04-15 17:57:37,ORCL
thoughts on the longterm growth of amzn adbe and crm,15,https://www.reddit.com/r/stocks/comments/u4dsoz/thoughts_on_the_longterm_growth_of_amzn_adbe_and/,2022-04-15 17:57:37,IBM
why doesnt tsla get included as part of mega caps at x value of nflx and almost twice the value of fb,72,https://www.reddit.com/r/stocks/comments/ufmpc5/why_doesnt_tsla_get_included_as_part_of_mega_caps/,2022-04-30 23:23:28,NFLX
what is the common factor of all the sp  stocks that are crashing amzn pypl nflx etc,103,https://www.reddit.com/r/stocks/comments/ujxfhb/what_is_the_common_factor_of_all_the_sp_500/,2022-05-06 21:10:27,NFLX
once bitten by amzn twice shy,8,https://www.reddit.com/r/stocks/comments/wmpivl/once_bitten_by_amzn_twice_shy/,2022-08-12 16:27:02,NFLX
sold qqq and bought googl msft crm meta,0,https://www.reddit.com/r/stocks/comments/x2avbs/sold_qqq_and_bought_googl_msft_crm_meta/,2022-08-31 11:13:38,CRM
is aapl sucking the blood out of intc  amd  meta  goog  msft nflx  spot in a zero sum game etc,70,https://www.reddit.com/r/stocks/comments/yf8b1n/is_aapl_sucking_the_blood_out_of_intc_amd_meta/,2022-10-28 00:25:02,NFLX
apple aapl to spend billions more on entertainment,260,https://www.reddit.com/r/stocks/comments/124jghc/apple_aapl_to_spend_billions_more_on_entertainment/,2023-03-28 09:45:06,NFLX
powerhouse picks meta amzn or nflx  unveiling the most compelling faang stock,0,https://www.reddit.com/r/stocks/comments/13us12c/powerhouse_picks_meta_amzn_or_nflx_unveiling_the/,2023-05-29 11:19:17,NFLX
intel intc earnings beat expectations which is good news for apple aapl qualcomm qcom and amd amd,114,https://www.reddit.com/r/stocks/comments/15d5z6w/intel_intc_earnings_beat_expectations_which_is/,2023-07-29 23:19:20,INTC
tesla just a car company tsla,0,https://www.reddit.com/r/stocks/comments/16fu1mi/tesla_just_a_car_company_tsla/,2023-09-11 12:30:21,AMZN
does hims have a chance against amzn ,22,https://www.reddit.com/r/stocks/comments/174z99o/does_hims_have_a_chance_against_amzn/,2023-10-10 23:17:54,NFLX
does hims have a chance against amzn ,27,https://www.reddit.com/r/stocks/comments/174z99o/does_hims_have_a_chance_against_amzn/,2023-10-10 23:17:54,AMZN
amzn thoughts,26,https://www.reddit.com/r/stocks/comments/17cc9y3/amzn_thoughts/,2023-10-20 14:13:50,AMZN
sell amzn or goog,27,https://www.reddit.com/r/stocks/comments/17nuj2g/sell_amzn_or_goog/,2023-11-04 20:23:23,AMZN
voo  aapl  msft  googl  amzn  intc for the next  years,146,https://www.reddit.com/r/stocks/comments/17q6i0w/voo_aapl_msft_googl_amzn_intc_for_the_next_5_years/,2023-11-07 22:30:25,AMZN
voo  aapl  msft  googl  amzn  intc for the next  years,147,https://www.reddit.com/r/stocks/comments/17q6i0w/voo_aapl_msft_googl_amzn_intc_for_the_next_5_years/,2023-11-07 22:30:25,INTC
amazon amzn jeff bezos could sell up to  million shares,493,https://www.reddit.com/r/stocks/comments/1822k63/amazon_amzn_jeff_bezos_could_sell_up_to_10/,2023-11-23 14:38:29,AMZN
thoughts on selling covered calls  aapl amd googl amzn,0,https://www.reddit.com/r/stocks/comments/18my9xx/thoughts_on_selling_covered_calls_aapl_amd_googl/,2023-12-20 16:13:53,AMZN
irbt lost almost  today because amzn would not offer concessions to european union eu antitrust regulators an overreaction,31,https://www.reddit.com/r/stocks/comments/193qhdw/irbt_lost_almost_20_today_because_amzn_would_not/,2024-01-11 02:24:33,AMZN
amzns irbt acquisition blocked,180,https://www.reddit.com/r/stocks/comments/19aldt3/amzns_irbt_acquisition_blocked/,2024-01-19 15:17:07,AMZN
intel intc selected as msftopenai custom ai chip fab,280,https://www.reddit.com/r/stocks/comments/1awrxc1/intel_intc_selected_as_msftopenai_custom_ai_chip/,2024-02-22 00:08:05,MSFT
intel intc selected as msftopenai custom ai chip fab,281,https://www.reddit.com/r/stocks/comments/1awrxc1/intel_intc_selected_as_msftopenai_custom_ai_chip/,2024-02-22 00:08:05,INTC
i think this year and beyond amazon amzn will have record cash flow and record stock price and here is why,378,https://www.reddit.com/r/stocks/comments/1b5vuxf/i_think_this_year_and_beyond_amazon_amzn_will/,2024-03-03 23:39:24,AMZN
is it smart to stop using my companies t  match of about  a month to reinvest in them and buy msft with that money instead ,26,https://www.reddit.com/r/stocks/comments/1b7k0a3/is_it_smart_to_stop_using_my_companies_t_6_match/,2024-03-05 23:20:38,MSFT
tesla tsla dcf analysis,0,https://www.reddit.com/r/stocks/comments/1bekj4k/tesla_tsla_dcf_analysis/,2024-03-14 12:56:52,MSFT
the us department of justice doj is preparing to sue apple aaplo as soon as thursday for allegedly violating antitrust laws,603,https://www.reddit.com/r/stocks/comments/1bk4e8o/the_us_department_of_justice_doj_is_preparing_to/,2024-03-21 11:32:28,AAPL
amazon amzn dcf analysis,27,https://www.reddit.com/r/stocks/comments/1bk5tag/amazon_amzn_dcf_analysis/,2024-03-21 12:52:49,NFLX
amazon amzn dcf analysis,27,https://www.reddit.com/r/stocks/comments/1bk5tag/amazon_amzn_dcf_analysis/,2024-03-21 12:52:49,AMZN
tsla owners thinking fsd is around the corner is a blind spot,196,https://www.reddit.com/r/stocks/comments/1bogwjy/tsla_owners_thinking_fsd_is_around_the_corner_is/,2024-03-26 19:38:50,TSLA
collaboration alert msft and openai launch  billion supercomputer venture,1021,https://www.reddit.com/r/stocks/comments/1bqy7d3/collaboration_alert_msft_and_openai_launch_100/,2024-03-29 20:03:04,MSFT
tesla tsla pt lowered to  at jpmorgan we are slashing our estimates and price target,612,https://www.reddit.com/r/stocks/comments/1bvc05n/tesla_tsla_pt_lowered_to_115_at_jpmorgan_we_are/,2024-04-04 02:33:03,TSLA
sell msft and invest in xlk since it has  msft,104,https://www.reddit.com/r/stocks/comments/1bzhzpm/sell_msft_and_invest_in_xlk_since_it_has_20_msft/,2024-04-09 03:17:41,MSFT
google unveils custom armbased chips ,271,https://www.reddit.com/r/stocks/comments/1bzyx8m/google_unveils_custom_armbased_chips/,2024-04-09 18:10:26,AMD
in the last  months not a single tsla insider has purchased shares at market while tesla insiders have sold k shares,851,https://www.reddit.com/r/stocks/comments/1c1gp93/in_the_last_12_months_not_a_single_tsla_insider/,2024-04-11 14:37:43,TSLA
tsla top or bottom,0,https://www.reddit.com/r/stocks/comments/1c6bm65/tsla_top_or_bottom/,2024-04-17 14:41:07,TSLA
intc vs tsla  trying to understand market sentiment,91,https://www.reddit.com/r/stocks/comments/1cc3dtf/intc_vs_tsla_trying_to_understand_market_sentiment/,2024-04-24 16:58:45,INTC
intc vs tsla  trying to understand market sentiment,89,https://www.reddit.com/r/stocks/comments/1cc3dtf/intc_vs_tsla_trying_to_understand_market_sentiment/,2024-04-24 16:58:45,AMD
intc vs tsla  trying to understand market sentiment,91,https://www.reddit.com/r/stocks/comments/1cc3dtf/intc_vs_tsla_trying_to_understand_market_sentiment/,2024-04-24 16:58:45,TSLA
bull arguments about tslas data advantage for autonomous is overblown,125,https://www.reddit.com/r/stocks/comments/1cc9v3e/bull_arguments_about_tslas_data_advantage_for/,2024-04-24 21:15:22,TSLA
big tech google and meta begins to give out dividend,95,https://www.reddit.com/r/stocks/comments/1cgy1w4/big_tech_google_and_meta_begins_to_give_out/,2024-04-30 17:10:00,META
the ending of googles monopoly trial has silicon valley on edge,472,https://www.reddit.com/r/stocks/comments/1ckv9wx/the_ending_of_googles_monopoly_trial_has_silicon/,2024-05-05 16:34:37,AMZN
the ending of googles monopoly trial has silicon valley on edge,465,https://www.reddit.com/r/stocks/comments/1ckv9wx/the_ending_of_googles_monopoly_trial_has_silicon/,2024-05-05 16:34:37,META
the ending of googles monopoly trial has silicon valley on edge,474,https://www.reddit.com/r/stocks/comments/1ckv9wx/the_ending_of_googles_monopoly_trial_has_silicon/,2024-05-05 16:34:37,AAPL
how much of the float can a firm own aapl,0,https://www.reddit.com/r/stocks/comments/1clfnlr/how_much_of_the_float_can_a_firm_own_aapl/,2024-05-06 10:24:01,AAPL
tsla  robotaxi in mainland china instead of the united states,44,https://www.reddit.com/r/stocks/comments/1cn05bd/tsla_robotaxi_in_mainland_china_instead_of_the/,2024-05-08 09:11:41,TSLA
are you worried about aapl long term ,347,https://www.reddit.com/r/stocks/comments/1cn5fpj/are_you_worried_about_aapl_long_term/,2024-05-08 14:07:32,AAPL
moving on from aapl,0,https://www.reddit.com/r/stocks/comments/1czl7bs/moving_on_from_aapl/,2024-05-24 13:50:05,AAPL
moving on from aapl,0,https://www.reddit.com/r/stocks/comments/1czl7bs/moving_on_from_aapl/,2024-05-24 13:50:05,AMZN
moving on from aapl,0,https://www.reddit.com/r/stocks/comments/1czl7bs/moving_on_from_aapl/,2024-05-24 13:50:05,MSFT
what is the bear case for amzn,273,https://www.reddit.com/r/stocks/comments/1d1x4mm/what_is_the_bear_case_for_amzn/,2024-05-27 17:36:20,AMZN
this is how nvda overtakes msft and aapl to be the most valuable company in the world ,0,https://www.reddit.com/r/stocks/comments/1d52w7y/this_is_how_nvda_overtakes_msft_and_aapl_to_be/,2024-05-31 18:42:44,AAPL
this is how nvda overtakes msft and aapl to be the most valuable company in the world ,0,https://www.reddit.com/r/stocks/comments/1d52w7y/this_is_how_nvda_overtakes_msft_and_aapl_to_be/,2024-05-31 18:42:44,MSFT
hold tsla or sell and reinvest into etfs,79,https://www.reddit.com/r/stocks/comments/1d6nm61/hold_tsla_or_sell_and_reinvest_into_etfs/,2024-06-02 21:14:54,TSLA
with decline in smartphone sales how is aapl poised to tackle this,267,https://www.reddit.com/r/stocks/comments/1dc50zo/with_decline_in_smartphone_sales_how_is_aapl/,2024-06-09 21:38:59,AAPL
apples aapl rollercoaster should you jump in now,196,https://www.reddit.com/r/stocks/comments/1dc780c/apples_aapl_rollercoaster_should_you_jump_in_now/,2024-06-09 23:18:01,AAPL
tsla  elons pay package  when will shareholders get to know the results of the vote   june  ,24,https://www.reddit.com/r/stocks/comments/1dc7b2p/tsla_elons_pay_package_when_will_shareholders_get/,2024-06-09 23:22:08,TSLA
underestimating aapl,293,https://www.reddit.com/r/stocks/comments/1dct1uw/underestimating_aapl/,2024-06-10 18:43:36,AAPL
riding the msft rocket ,0,https://www.reddit.com/r/stocks/comments/1dd3guy/riding_the_msft_rocket/,2024-06-11 02:29:03,MSFT
oracle shares jump on google and openai deals despite earnings miss ,107,https://www.reddit.com/r/stocks/comments/1ddnzt2/oracle_shares_jump_on_google_and_openai_deals/,2024-06-11 20:17:54,ORCL
ark says tsla can hit t market cap,0,https://www.reddit.com/r/stocks/comments/1de9hjr/ark_says_tsla_can_hit_10t_market_cap/,2024-06-12 15:30:12,TSLA
ark previous predictions for tsla,87,https://www.reddit.com/r/stocks/comments/1df26tl/ark_previous_predictions_for_tsla/,2024-06-13 15:47:51,TSLA
spy soon to have nvda as its largest holding by weight surpassing msft,108,https://www.reddit.com/r/stocks/comments/1di1r6r/spy_soon_to_have_nvda_as_its_largest_holding_by/,2024-06-17 16:05:26,MSFT
spy soon to have nvda as its largest holding by weight surpassing msft,110,https://www.reddit.com/r/stocks/comments/1di1r6r/spy_soon_to_have_nvda_as_its_largest_holding_by/,2024-06-17 16:05:26,NVDA
tsla might be the most undervalued ai play in the stock market ,0,https://www.reddit.com/r/stocks/comments/1dich6k/tsla_might_be_the_most_undervalued_ai_play_in_the/,2024-06-17 23:38:18,TSLA
when to sell amzn stock,0,https://www.reddit.com/r/stocks/comments/1dqngza/when_to_sell_amzn_stock/,2024-06-28 16:14:31,AMZN
tsla between two major growth waves means low growth or actually no growth,81,https://www.reddit.com/r/stocks/comments/1dti4bf/tsla_between_two_major_growth_waves_means_low/,2024-07-02 10:00:13,TSLA
msft and aapl are overvalued and overbought wallstreet is expecting too much from ai ,0,https://www.reddit.com/r/stocks/comments/1dyltw8/msft_and_aapl_are_overvalued_and_overbought/,2024-07-08 22:14:54,MSFT
msft and aapl are overvalued and overbought wallstreet is expecting too much from ai ,0,https://www.reddit.com/r/stocks/comments/1dyltw8/msft_and_aapl_are_overvalued_and_overbought/,2024-07-08 22:14:54,AAPL
msft and aapl are overvalued and overbought wallstreet is expecting too much from ai ,0,https://www.reddit.com/r/stocks/comments/1dyltw8/msft_and_aapl_are_overvalued_and_overbought/,2024-07-08 22:14:54,NVDA
kamzn or intc ,0,https://www.reddit.com/r/stocks/comments/1e0dhpb/25kamzn_or_intc/,2024-07-11 01:59:25,AMZN
kamzn or intc ,0,https://www.reddit.com/r/stocks/comments/1e0dhpb/25kamzn_or_intc/,2024-07-11 01:59:25,INTC
am i crazy buying amzn,0,https://www.reddit.com/r/stocks/comments/1e0ffk5/am_i_crazy_buying_amzn/,2024-07-11 03:40:13,AMZN
do i have too much msft exposure  msft stock with k gains and invested in xlk and schg etfs,0,https://www.reddit.com/r/stocks/comments/1e1swz8/do_i_have_too_much_msft_exposure_100_msft_stock/,2024-07-12 21:20:29,MSFT
my bull case for amzn,98,https://www.reddit.com/r/stocks/comments/1e1ujdl/my_bull_case_for_amzn/,2024-07-12 22:29:19,AMZN
dumping tsla at a loss and focus on another company using the remaining cash,0,https://www.reddit.com/r/stocks/comments/1en9co0/dumping_tsla_at_a_loss_and_focus_on_another/,2024-08-08 15:45:10,TSLA
would google workspace surpass the revenue of microsoft office ,159,https://www.reddit.com/r/stocks/comments/1eo46ws/would_google_workspace_surpass_the_revenue_of/,2024-08-09 16:28:11,MSFT
amzn in case the ai bubble bursts,86,https://www.reddit.com/r/stocks/comments/1eqc4ok/amzn_in_case_the_ai_bubble_bursts/,2024-08-12 12:15:25,AMZN
google launches first aipowered android update and new pixel  phones,117,https://www.reddit.com/r/stocks/comments/1erimom/google_launches_first_aipowered_android_update/,2024-08-13 20:41:53,GOOGL
bloomberg us considers a rare antitrust move breaking up google,3312,https://www.reddit.com/r/stocks/comments/1eriwi8/bloomberg_us_considers_a_rare_antitrust_move/,2024-08-13 21:03:15,GOOGL
tired of tsla and musk,0,https://www.reddit.com/r/stocks/comments/1errc8r/tired_of_tsla_and_musk/,2024-08-14 03:21:40,TSLA
tired of tsla and musk,0,https://www.reddit.com/r/stocks/comments/1errc8r/tired_of_tsla_and_musk/,2024-08-14 03:21:40,NVDA
does amd seem ridiculously underpriced to anyone else thinking about moving some of my msftamzn money into amd ,216,https://www.reddit.com/r/stocks/comments/1esq66l/does_amd_seem_ridiculously_underpriced_to_anyone/,2024-08-15 08:41:43,GOOGL
does amd seem ridiculously underpriced to anyone else thinking about moving some of my msftamzn money into amd ,216,https://www.reddit.com/r/stocks/comments/1esq66l/does_amd_seem_ridiculously_underpriced_to_anyone/,2024-08-15 08:41:43,AMZN
does amd seem ridiculously underpriced to anyone else thinking about moving some of my msftamzn money into amd ,213,https://www.reddit.com/r/stocks/comments/1esq66l/does_amd_seem_ridiculously_underpriced_to_anyone/,2024-08-15 08:41:43,MSFT
does amd seem ridiculously underpriced to anyone else thinking about moving some of my msftamzn money into amd ,217,https://www.reddit.com/r/stocks/comments/1esq66l/does_amd_seem_ridiculously_underpriced_to_anyone/,2024-08-15 08:41:43,AMD
exgoogle ceo eric schmidt sees nvidia as big ai winner you know what to do in the stock market,460,https://www.reddit.com/r/stocks/comments/1et5yvq/exgoogle_ceo_eric_schmidt_sees_nvidia_as_big_ai/,2024-08-15 20:43:57,GOOGL
exgoogle ceo eric schmidt sees nvidia as big ai winner you know what to do in the stock market,465,https://www.reddit.com/r/stocks/comments/1et5yvq/exgoogle_ceo_eric_schmidt_sees_nvidia_as_big_ai/,2024-08-15 20:43:57,AMD
k to invest in googl long term stock options or both,372,https://www.reddit.com/r/stocks/comments/1ewl5m2/100k_to_invest_in_googl_long_term_stock_options/,2024-08-20 03:05:36,GOOGL
google vs amazon which is a better buy at this point,255,https://www.reddit.com/r/stocks/comments/1eztxse/google_vs_amazon_which_is_a_better_buy_at_this/,2024-08-24 01:46:30,GOOGL
i think alphabet googl is the most undervalued stock in the stock market right now,842,https://www.reddit.com/r/stocks/comments/1f5ivu1/i_think_alphabet_googl_is_the_most_undervalued/,2024-08-31 08:54:12,META
i think alphabet googl is the most undervalued stock in the stock market right now,838,https://www.reddit.com/r/stocks/comments/1f5ivu1/i_think_alphabet_googl_is_the_most_undervalued/,2024-08-31 08:54:12,GOOGL
the aapl monday morning arbitrage trade codename senshinos arbitrage,0,https://www.reddit.com/r/stocks/comments/1fc881s/the_aapl_monday_morning_arbitrage_trade_codename/,2024-09-08 21:02:32,AAPL
googles  billion euro fine upheld by europes top court in eu antitrust probe,246,https://www.reddit.com/r/stocks/comments/1fdddzv/googles_24_billion_euro_fine_upheld_by_europes/,2024-09-10 09:01:44,GOOGL
amazon passed google as th largest in sp ,582,https://www.reddit.com/r/stocks/comments/1fduwrf/amazon_passed_google_as_4th_largest_in_sp_500/,2024-09-10 22:33:30,AMZN
amazon passed google as th largest in sp ,586,https://www.reddit.com/r/stocks/comments/1fduwrf/amazon_passed_google_as_4th_largest_in_sp_500/,2024-09-10 22:33:30,GOOGL
what is googles bull case,345,https://www.reddit.com/r/stocks/comments/1ff5h55/what_is_googles_bull_case/,2024-09-12 15:34:35,GOOGL
google is down almost  percent from ath and has entered bear market territory my thesis,623,https://www.reddit.com/r/stocks/comments/1ffbxb2/google_is_down_almost_20_percent_from_ath_and_has/,2024-09-12 20:02:23,GOOGL
google wins court challenge to the eus  billion antitrust fine over ad product ,226,https://www.reddit.com/r/stocks/comments/1fjup5y/google_wins_court_challenge_to_the_eus_17_billion/,2024-09-18 14:50:30,GOOGL
youtube announces ai features from google deepmind for shorts creators ,37,https://www.reddit.com/r/stocks/comments/1fk2v4o/youtube_announces_ai_features_from_google/,2024-09-18 20:32:22,GOOGL
amzn could buy this indian ev startup amazon ctos mystery visit to ultraviolette,4,https://www.reddit.com/r/stocks/comments/1fku7v4/amzn_could_buy_this_indian_ev_startup_amazon_ctos/,2024-09-19 20:27:40,AMZN
anybody fully understands the relationship between openai and msft will msft benefit if openai becomes a profitable company,31,https://www.reddit.com/r/stocks/comments/1flb64p/anybody_fully_understands_the_relationship/,2024-09-20 12:47:18,MSFT
divident yield in google sheets,35,https://www.reddit.com/r/stocks/comments/1fn4ov3/divident_yield_in_google_sheets/,2024-09-22 21:51:50,GOOGL
google files eu antitrust complaint accusing microsoft of stifling cloud competition ,94,https://www.reddit.com/r/stocks/comments/1fp71w8/google_files_eu_antitrust_complaint_accusing/,2024-09-25 15:20:13,GOOGL
ai plays nvd amd googl  a couple broader questions,67,https://www.reddit.com/r/stocks/comments/1frpnji/ai_plays_nvd_amd_googl_a_couple_broader_questions/,2024-09-28 22:18:23,AMD
ai plays nvd amd googl  a couple broader questions,66,https://www.reddit.com/r/stocks/comments/1frpnji/ai_plays_nvd_amd_googl_a_couple_broader_questions/,2024-09-28 22:18:23,NVDA
ai plays nvd amd googl  a couple broader questions,69,https://www.reddit.com/r/stocks/comments/1frpnji/ai_plays_nvd_amd_googl_a_couple_broader_questions/,2024-09-28 22:18:23,GOOGL
msft or aapl,0,https://www.reddit.com/r/stocks/comments/1ftg51m/msft_or_aapl/,2024-10-01 04:54:10,AAPL
msft or aapl,0,https://www.reddit.com/r/stocks/comments/1ftg51m/msft_or_aapl/,2024-10-01 04:54:10,MSFT
googles grip on search slips as tiktok and ai startup mount challenge,195,https://www.reddit.com/r/stocks/comments/1fxma5a/googles_grip_on_search_slips_as_tiktok_and_ai/,2024-10-06 17:47:35,MSFT
googles grip on search slips as tiktok and ai startup mount challenge,197,https://www.reddit.com/r/stocks/comments/1fxma5a/googles_grip_on_search_slips_as_tiktok_and_ai/,2024-10-06 17:47:35,GOOGL
us judge orders google to open up app store to competition,276,https://www.reddit.com/r/stocks/comments/1fyfqcs/us_judge_orders_google_to_open_up_app_store_to/,2024-10-07 19:06:03,GOOGL
bloomberg us says its weighing google breakup as monopoly case remedy,484,https://www.reddit.com/r/stocks/comments/1fzhd9r/bloomberg_us_says_its_weighing_google_breakup_as/,2024-10-09 02:32:58,GOOGL
why would anyone buy nike when you can buy google,289,https://www.reddit.com/r/stocks/comments/1fzmmp3/why_would_anyone_buy_nike_when_you_can_buy_google/,2024-10-09 08:28:25,GOOGL
internal openai projections suggest no profits until  msft allegedly entitled to  of openais revenue,430,https://www.reddit.com/r/stocks/comments/1g04ua4/internal_openai_projections_suggest_no_profits/,2024-10-09 23:06:37,NVDA
internal openai projections suggest no profits until  msft allegedly entitled to  of openais revenue,428,https://www.reddit.com/r/stocks/comments/1g04ua4/internal_openai_projections_suggest_no_profits/,2024-10-09 23:06:37,MSFT
